City,Count of Email ID
Chandigarh,57
Gonda,56
Siuri,56
Talmuk,56
Ahemdabad,52
Amreli,52
Bikaner,52
Dwarka,52
Jaipur,52
Jalor,52
Jhalwar,52
Jodhpur,52
Kota,52
Pali,52
Sikar,52
Ajmer,51
Amer,51
Amritsar,51
Aurangabad,51
Barmer,51
Bhandara,51
Bhsawal,51
Bid,51
Buldhana,51
Dhule,51
Jalgaon,51
Kalyan,51
Mahe,51
Mumbai,51
Nagpur,51
Nanded,51
Navi Mumbai,51
Patiala,51
Sangrur,51
Thane,51
Godhra,50
Jamnagar,44
Junagadh,44
Kheda,44
Morbi,44
Nadiad,44
Navsari,44
Okha,44
Rajkot,44
Surat,44
Valsad,44
Ambala,43
Faridabad,43
Akola,42
Hamirpur,42
Orchha,42
Sagar,42
Satna,42
Ujjain,42
Vidisha,42
Agartala,28
Agra,28
Aligarh,28
Alipore,28
Almora,28
Budaun,28
Deoria,28
Durgapur,28
Ghaziabad,28
Ghazipur,28
Gorakhpur,28
Haora,28
Hugli,28
Jhansi,28
Kanpur,28
Kolkata,28
Lucknow,28
Mainpuri,28
Malda,28
Mathura,28
Nizambad,28
Palashi,28
Santipur,28
Silguri,28
Siliguri,28
Titagrah,28
Varanasi,28
Gurugram,27
Hisar,27
Jind,27
Kaithal,27
Burani,22
Dehri,22
Eluru,22
Guwahati,22
Kunrool,22
Nagaon,22
Sivasagar,22
Tezpur,22
Tirupati,22
Vijaywada,22
Patna,15
Ambikapur,14
Anantnag,14
Badmi,14
Baleshwar,14
Ballari,14
Baramula,14
Belgavi,14
Bengaluru,14
Bhilai,14
Bhopal,14
Bidar,14
Chamba,14
Chapra,14
Cuttack,14
Daman,14
Darbhanga,14
Delhi,14
Dhar,14
Diu,14
Doda,14
Durg,14
Gangtok,14
Gaya,14
Gulmarg,14
Guna,14
Gwalior,14
Haijipur,14
Hasan,14
Hyderbad,14
Indore,14
Jamalpur,14
Jammu,14
Kaithar,14
Kangra,14
Karli,14
Kochi,14
Kolar,14
Kolhapur,14
Kollam,14
konark,14
kullu,14
Madgaon,14
Mandi,14
Matheran,14
Motihari,14
Munger,14
Muzaffarpur,14
Mysuru,14
Narwar,14
Nashik,14
New Delhi,14
Panji,14
Punch,14
Pune,14
Puri,14
Raipur,14
Rajouri,14
Sangli,14
Sangola,14
Sasaram,14
Satara,14
Shillong,14
Shimla,14
Silvassa,14
Sirsa,14
Siwan,14
Solapur,14
Sonipat,14
Srinagar,14
Thrissur,14
Udhampur,14
Ulhasnagar,14
Una,14
Vasai,14
Wardha,14
Karnal,13
Panipat,13
Rewari,13
Rohtak,13
Amravati,6
